step,epoch,loss_treino,lr,grad_norm,tokens_por_seg,gpu_mem_gb,elapsed_s
1,1,5.758744,3.000000e-06,3.9531,3439.1,0.441,0.7
20,1,5.407248,6.000000e-05,2.0312,131146.5,0.590,1.1
40,1,4.853809,1.200000e-04,1.7266,81523.8,0.598,1.6
60,1,4.368209,1.800000e-04,1.5938,123376.3,0.603,2.0
80,1,3.836916,2.400000e-04,1.4922,76414.8,0.603,2.5
100,1,3.268235,3.000000e-04,1.2578,97641.3,0.603,2.9
120,1,2.765623,2.999982e-04,0.9961,105216.3,0.603,3.3
140,1,2.431417,2.999926e-04,0.7422,100461.1,0.603,3.7
160,1,2.246611,2.999834e-04,0.5586,113091.7,0.603,4.1
180,1,2.141686,2.999705e-04,0.4863,159978.9,0.614,4.5
200,1,2.072178,2.999540e-04,0.4727,93621.6,0.614,5.0
220,1,2.035843,2.999337e-04,0.5742,79882.4,0.614,5.5
240,1,2.020382,2.999098e-04,0.4922,172372.1,0.614,6.0
260,1,1.971336,2.998822e-04,0.5547,113251.6,0.614,6.4
280,1,1.926314,2.998509e-04,0.4824,94267.4,0.614,6.9
300,1,1.919102,2.998159e-04,0.6445,142080.1,0.614,7.3
320,1,1.898138,2.997772e-04,0.6602,80063.2,0.614,7.8
340,1,1.856937,2.997349e-04,0.5273,100431.3,0.614,8.3
360,1,1.873311,2.996889e-04,1.0391,162491.7,0.614,8.8
380,1,1.840706,2.996392e-04,0.6016,110144.1,0.614,9.2
400,1,1.826747,2.995858e-04,0.6953,115116.1,0.614,9.6
420,1,1.836211,2.995288e-04,0.6172,150172.8,0.614,10.1
440,2,1.810563,2.994681e-04,0.5117,81546.6,0.614,12.5
460,2,1.773363,2.994037e-04,0.5039,93657.3,0.614,13.0
480,2,1.815504,2.993357e-04,0.6758,103954.1,0.614,13.4
500,2,1.805355,2.992640e-04,0.5547,82634.3,0.614,13.9
520,2,1.784408,2.991886e-04,0.6211,110026.4,0.614,14.3
540,2,1.793359,2.991096e-04,0.5469,85126.9,0.614,14.8
560,2,1.794020,2.990269e-04,0.6992,88723.8,0.614,15.2
580,2,1.785196,2.989405e-04,0.7500,132424.8,0.614,15.6
600,2,1.770186,2.988505e-04,0.4961,96592.3,0.614,16.0
620,2,1.766454,2.987568e-04,0.4277,77328.8,0.614,16.4
640,2,1.770129,2.986595e-04,0.5625,132186.2,0.614,16.8
660,2,1.756159,2.985585e-04,0.6602,98264.4,0.614,17.3
680,2,1.762422,2.984539e-04,0.6562,90718.5,0.615,17.8
700,2,1.750522,2.983457e-04,0.5430,90575.5,0.615,18.2
720,2,1.765866,2.982338e-04,0.4316,93224.2,0.615,18.7
740,2,1.772372,2.981182e-04,0.6328,74537.5,0.615,19.1
760,2,1.749809,2.979990e-04,0.7148,108909.4,0.615,19.6
780,2,1.745865,2.978762e-04,0.5664,101817.1,0.615,20.1
800,2,1.759625,2.977498e-04,0.7031,99636.8,0.615,20.6
820,2,1.745679,2.976197e-04,0.4746,86047.6,0.615,21.0
840,2,1.735533,2.974860e-04,0.6406,151609.1,0.615,21.5
860,3,1.731499,2.973487e-04,0.5078,111754.2,0.615,23.8
880,3,1.761022,2.972077e-04,0.5039,117115.7,0.615,24.3
900,3,1.736440,2.970632e-04,0.6758,106757.2,0.615,24.7
920,3,1.750297,2.969150e-04,0.6641,127126.3,0.615,25.2
940,3,1.741088,2.967632e-04,0.4297,97409.3,0.615,25.7
960,3,1.750734,2.966078e-04,0.6406,113167.7,0.615,26.1
980,3,1.733616,2.964489e-04,0.5586,102190.4,0.615,26.5
1000,3,1.742643,2.962863e-04,0.4707,95536.4,0.615,26.9
1020,3,1.732200,2.961201e-04,0.7383,115374.2,0.615,27.3
1040,3,1.746702,2.959504e-04,0.5039,75978.4,0.615,27.7
1060,3,1.739547,2.957770e-04,0.5039,92493.3,0.615,28.1
1080,3,1.724537,2.956001e-04,0.4902,125977.1,0.615,28.6
1100,3,1.719795,2.954196e-04,0.4922,105377.2,0.615,29.1
1120,3,1.733336,2.952356e-04,0.8281,81103.2,0.615,29.5
1140,3,1.710887,2.950480e-04,1.0156,106657.9,0.615,30.0
1160,3,1.723929,2.948568e-04,0.6523,67947.3,0.615,30.5
1180,3,1.723515,2.946620e-04,0.8086,79618.1,0.615,31.0
1200,3,1.717255,2.944637e-04,0.6328,66651.4,0.615,31.4
1220,3,1.712006,2.942619e-04,0.6992,117585.8,0.615,31.9
1240,3,1.717485,2.940565e-04,0.5078,102821.9,0.615,32.4
1260,3,1.716927,2.938476e-04,0.5547,114392.1,0.615,32.8
1280,4,1.720145,2.936351e-04,0.7188,84081.4,0.615,35.3
1300,4,1.705698,2.934191e-04,0.5312,157639.5,0.615,35.8
1320,4,1.711174,2.931996e-04,0.5117,98972.4,0.615,36.2
1340,4,1.684466,2.929766e-04,0.4746,105010.8,0.615,36.7
1360,4,1.707389,2.927501e-04,0.6406,124507.9,0.615,37.2
1380,4,1.686180,2.925200e-04,0.5938,141232.6,0.615,37.6
1400,4,1.710956,2.922865e-04,0.9453,108319.2,0.615,38.0
1420,4,1.692147,2.920495e-04,0.7734,110705.7,0.615,38.4
1440,4,1.709677,2.918090e-04,0.7070,98442.1,0.615,38.8
1460,4,1.655212,2.915650e-04,0.4863,97827.6,0.615,39.2
1480,4,1.687933,2.913175e-04,0.6367,99926.4,0.615,39.6
1500,4,1.690807,2.910665e-04,0.5703,127240.0,0.615,40.1
1520,4,1.658721,2.908121e-04,0.7852,112688.5,0.615,40.5
1540,4,1.670938,2.905543e-04,0.7188,92064.2,0.615,41.0
1560,4,1.686060,2.902929e-04,0.8867,106689.4,0.615,41.5
1580,4,1.680050,2.900282e-04,0.8320,61688.8,0.615,42.0
1600,4,1.674045,2.897600e-04,0.5664,97186.6,0.615,42.4
1620,4,1.688883,2.894884e-04,0.9688,140088.0,0.615,42.9
1640,4,1.663947,2.892133e-04,0.4824,121090.5,0.615,43.3
1660,4,1.641930,2.889348e-04,0.6367,83315.5,0.615,43.8
1680,4,1.658829,2.886529e-04,0.5195,113941.8,0.615,44.2
1700,4,1.656412,2.883676e-04,0.6641,132649.6,0.615,44.7
1720,5,1.693110,2.880790e-04,0.6484,116473.4,0.615,47.1
1740,5,1.645214,2.877869e-04,0.5898,115050.4,0.615,47.6
1760,5,1.656896,2.874914e-04,0.7070,110287.9,0.615,48.0
1780,5,1.647444,2.871926e-04,0.5586,76836.7,0.615,48.5
1800,5,1.672287,2.868904e-04,0.6797,105588.4,0.615,49.0
1820,5,1.674627,2.865848e-04,0.6562,92564.5,0.615,49.4
1840,5,1.632921,2.862759e-04,0.5391,79536.6,0.615,49.8
1860,5,1.636626,2.859636e-04,0.5664,101402.3,0.615,50.2
1880,5,1.649709,2.856480e-04,0.5938,109896.2,0.615,50.6
1900,5,1.693243,2.853291e-04,0.7617,103097.5,0.615,51.0
1920,5,1.655879,2.850068e-04,0.5977,153844.4,0.615,51.4
1940,5,1.644914,2.846812e-04,0.9336,68398.4,0.615,51.9
1960,5,1.660973,2.843524e-04,0.7031,112633.6,0.615,52.4
1980,5,1.632239,2.840202e-04,0.5547,115309.6,0.615,52.8
2000,5,1.656025,2.836847e-04,0.7695,77254.4,0.615,53.3
2020,5,1.631663,2.833460e-04,0.5664,101472.0,0.615,53.8
2040,5,1.659902,2.830039e-04,0.5312,81598.5,0.615,54.3
2060,5,1.629056,2.826586e-04,0.5703,114545.9,0.615,54.8
2080,5,1.641495,2.823101e-04,0.5859,76453.3,0.615,55.3
2100,5,1.639139,2.819583e-04,0.7344,97176.7,0.615,55.7
2120,5,1.629943,2.816032e-04,0.5977,69593.1,0.615,56.2
2140,6,1.626619,2.812450e-04,0.5625,127514.3,0.615,58.6
2160,6,1.643012,2.808835e-04,0.5430,103755.3,0.615,59.1
2180,6,1.654087,2.805188e-04,0.7852,79721.9,0.615,59.6
2200,6,1.643532,2.801509e-04,0.6133,101950.0,0.615,60.0
2220,6,1.621974,2.797798e-04,0.5078,93282.7,0.615,60.5
2240,6,1.629193,2.794055e-04,0.6328,130698.5,0.615,61.0
2260,6,1.647436,2.790280e-04,0.6992,90929.5,0.615,61.4
2280,6,1.635134,2.786473e-04,0.6758,99342.8,0.615,61.8
2300,6,1.634201,2.782636e-04,0.5117,134875.3,0.615,62.2
2320,6,1.682354,2.778766e-04,1.0000,115033.5,0.615,62.6
2340,6,1.637215,2.774865e-04,0.5195,167600.9,0.615,63.0
2360,6,1.658247,2.770933e-04,0.8750,137529.7,0.615,63.4
2380,6,1.630093,2.766970e-04,0.6641,124798.0,0.615,63.9
2400,6,1.625157,2.762975e-04,0.6484,98352.4,0.615,64.4
2420,6,1.614011,2.758950e-04,0.6797,78183.6,0.615,64.8
2440,6,1.650400,2.754893e-04,0.5312,64351.7,0.615,65.3
2460,6,1.661875,2.750806e-04,0.6016,66018.4,0.615,65.8
2480,6,1.655045,2.746688e-04,0.8359,85921.0,0.615,66.3
2500,6,1.655507,2.742539e-04,0.6367,90923.4,0.615,66.8
2520,6,1.643500,2.738360e-04,0.6953,93448.0,0.615,67.2
2540,6,1.641578,2.734151e-04,0.5938,98525.0,0.615,67.7
2560,7,1.614766,2.729911e-04,0.5508,120544.6,0.615,70.1
2580,7,1.636111,2.725641e-04,0.6719,95701.6,0.615,70.6
2600,7,1.617124,2.721341e-04,0.5859,108928.3,0.615,71.0
2620,7,1.628503,2.717011e-04,0.5781,73748.9,0.615,71.5
2640,7,1.643395,2.712651e-04,0.5586,67980.5,0.615,72.0
2660,7,1.657068,2.708261e-04,0.4941,101664.3,0.615,72.4
2680,7,1.609593,2.703842e-04,0.5898,123931.4,0.615,72.9
2700,7,1.643596,2.699393e-04,0.7539,75146.0,0.615,73.3
2720,7,1.635664,2.694915e-04,0.5352,119439.3,0.615,73.7
2740,7,1.632579,2.690407e-04,0.7070,124731.0,0.615,74.1
2760,7,1.672371,2.685870e-04,0.6680,126213.9,0.615,74.5
2780,7,1.637222,2.681304e-04,0.5312,95060.7,0.615,74.9
2800,7,1.639332,2.676709e-04,0.6367,89265.9,0.615,75.4
2820,7,1.647597,2.672085e-04,0.6914,73159.8,0.615,75.9
2840,7,1.616124,2.667432e-04,0.5625,125363.5,0.615,76.4
2860,7,1.641657,2.662751e-04,0.5938,62054.1,0.615,76.9
2880,7,1.629941,2.658041e-04,0.5273,97156.0,0.615,77.4
2900,7,1.625860,2.653302e-04,0.6211,89784.2,0.615,77.9
2920,7,1.619129,2.648536e-04,0.3906,112793.2,0.615,78.4
2940,7,1.637654,2.643741e-04,0.5234,104041.0,0.615,78.9
2960,7,1.622007,2.638918e-04,0.5625,128691.8,0.615,79.4
2980,7,1.628286,2.634067e-04,0.8242,123624.0,0.615,79.8
3000,8,1.647868,2.629188e-04,0.6250,116089.6,0.615,82.2
3020,8,1.639819,2.624281e-04,0.4453,94191.6,0.615,82.6
3040,8,1.634188,2.619347e-04,0.8164,79304.8,0.615,83.1
3060,8,1.631215,2.614386e-04,0.4941,91635.1,0.615,83.6
3080,8,1.649170,2.609397e-04,0.5273,115105.3,0.615,84.1
3100,8,1.633757,2.604380e-04,0.5430,118987.3,0.615,84.5
3120,8,1.626768,2.599337e-04,0.5898,113704.9,0.615,85.0
3140,8,1.624108,2.594267e-04,0.5586,94561.8,0.615,85.4
3160,8,1.610067,2.589169e-04,0.6172,152641.7,0.615,85.8
3180,8,1.625746,2.584046e-04,0.4316,105661.7,0.615,86.2
3200,8,1.623063,2.578895e-04,0.4746,89124.3,0.615,86.5
3220,8,1.635059,2.573718e-04,0.5898,83846.2,0.615,87.0
3240,8,1.627930,2.568514e-04,0.7422,84969.4,0.615,87.5
3260,8,1.635231,2.563285e-04,0.5469,75743.2,0.615,87.9
3280,8,1.644317,2.558029e-04,0.7070,64628.3,0.615,88.4
3300,8,1.620156,2.552747e-04,0.4805,117724.8,0.615,88.9
3320,8,1.611626,2.547440e-04,0.6094,96711.5,0.615,89.3
3340,8,1.610436,2.542106e-04,0.4824,126240.1,0.615,89.8
3360,8,1.622571,2.536747e-04,0.5664,93923.7,0.615,90.3
3380,8,1.625657,2.531363e-04,0.6641,83294.1,0.615,90.8
3400,8,1.655945,2.525953e-04,0.8789,83041.1,0.615,91.2
3420,9,1.617383,2.520519e-04,0.7383,135058.6,0.615,93.6
3440,9,1.621358,2.515059e-04,0.5117,136415.8,0.615,94.1
3460,9,1.633051,2.509574e-04,0.7383,92595.0,0.615,94.6
3480,9,1.630933,2.504064e-04,0.5391,78527.5,0.615,95.1
3500,9,1.621693,2.498530e-04,0.5820,101925.9,0.615,95.6
3520,9,1.633781,2.492971e-04,0.5547,93174.9,0.615,96.1
3540,9,1.636396,2.487388e-04,0.5547,79033.0,0.615,96.5
3560,9,1.640511,2.481780e-04,0.7227,89434.7,0.615,96.9
3580,9,1.605935,2.476149e-04,0.5391,138233.2,0.615,97.4
3600,9,1.643351,2.470493e-04,0.6758,82683.7,0.615,97.8
3620,9,1.622137,2.464814e-04,0.4844,112720.6,0.615,98.1
3640,9,1.616420,2.459111e-04,0.7266,117222.3,0.615,98.6
3660,9,1.618327,2.453384e-04,0.5820,97592.5,0.615,99.0
3680,9,1.622602,2.447634e-04,0.5977,86895.7,0.615,99.5
3700,9,1.594805,2.441861e-04,0.4102,134545.4,0.615,100.0
3720,9,1.606423,2.436065e-04,0.5469,83818.5,0.615,100.4
3740,9,1.625244,2.430245e-04,0.7500,125024.9,0.615,100.9
3760,9,1.633292,2.424403e-04,0.6211,105087.7,0.615,101.4
3780,9,1.616120,2.418538e-04,0.4902,94837.7,0.615,101.8
3800,9,1.613041,2.412651e-04,0.6055,112071.0,0.615,102.3
3820,9,1.625962,2.406741e-04,0.5859,84343.3,0.615,102.8
3840,10,1.607405,2.400809e-04,0.4844,125548.5,0.615,105.2
3860,10,1.623058,2.394854e-04,0.5625,82129.2,0.615,105.6
3880,10,1.596226,2.388878e-04,0.4805,104977.4,0.615,106.1
3900,10,1.612586,2.382880e-04,0.6289,137571.7,0.615,106.6
3920,10,1.612723,2.376860e-04,0.5039,135823.3,0.615,107.0
3940,10,1.635222,2.370819e-04,0.4766,71082.3,0.615,107.5
3960,10,1.611688,2.364756e-04,0.5156,110454.0,0.615,108.0
3980,10,1.602276,2.358673e-04,0.8203,146923.0,0.615,108.4
4000,10,1.619970,2.352568e-04,0.5117,115136.8,0.615,108.8
4020,10,1.594710,2.346442e-04,0.5664,118505.3,0.615,109.2
4040,10,1.624078,2.340295e-04,0.6367,111374.4,0.615,109.6
4060,10,1.609421,2.334128e-04,0.5898,109061.2,0.615,110.0
4080,10,1.627721,2.327940e-04,0.5469,89321.3,0.615,110.5
4100,10,1.622053,2.321732e-04,0.6250,119468.7,0.615,111.0
4120,10,1.609595,2.315503e-04,0.5039,98153.4,0.615,111.5
4140,10,1.629952,2.309255e-04,0.6211,70460.4,0.615,111.9
4160,10,1.615965,2.302987e-04,0.5430,76935.7,0.615,112.4
4180,10,1.631905,2.296699e-04,0.5742,77784.0,0.615,112.9
4200,10,1.604494,2.290392e-04,0.6797,95136.7,0.615,113.4
4220,10,1.596210,2.284065e-04,0.5195,77991.9,0.615,113.9
4240,10,1.588743,2.277719e-04,0.6055,95790.2,0.615,114.4
4260,10,1.629958,2.271353e-04,0.8477,18914.9,0.615,114.9
4280,11,1.608215,2.264969e-04,0.5195,92875.1,0.615,117.2
4300,11,1.637755,2.258566e-04,0.6016,65807.0,0.615,117.7
4320,11,1.603656,2.252145e-04,0.4453,115394.8,0.615,118.2
4340,11,1.616279,2.245705e-04,0.5430,109294.6,0.615,118.6
4360,11,1.625152,2.239246e-04,0.6836,123966.0,0.615,119.1
4380,11,1.602030,2.232770e-04,0.5117,132622.1,0.615,119.6
4400,11,1.639455,2.226275e-04,0.6562,82246.6,0.615,120.0
4420,11,1.656794,2.219763e-04,0.9531,128462.8,0.615,120.5
4440,11,1.614609,2.213233e-04,0.6289,116676.5,0.615,120.9
4460,11,1.607039,2.206685e-04,0.6836,139672.1,0.615,121.3
4480,11,1.621510,2.200121e-04,0.4727,129038.1,0.615,121.6
4500,11,1.614759,2.193538e-04,0.5586,112363.9,0.615,122.1
4520,11,1.619949,2.186939e-04,0.5273,105294.6,0.615,122.5
4540,11,1.608893,2.180323e-04,0.6055,135176.7,0.615,123.0
4560,11,1.629458,2.173691e-04,0.7148,78895.1,0.615,123.5
4580,11,1.607123,2.167042e-04,0.5898,145823.5,0.615,124.0
4600,11,1.619972,2.160376e-04,0.6914,102939.8,0.615,124.5
4620,11,1.634721,2.153694e-04,0.5625,60137.0,0.615,125.0
4640,11,1.596802,2.146996e-04,0.5195,156666.2,0.615,125.4
4660,11,1.606006,2.140283e-04,0.5234,112372.9,0.615,125.9
4680,11,1.641043,2.133553e-04,0.5078,59743.9,0.615,126.4
4700,12,1.602408,2.126808e-04,0.6250,138980.1,0.615,128.8
4720,12,1.592202,2.120048e-04,0.4668,132731.7,0.615,129.2
4740,12,1.631369,2.113272e-04,0.4824,122213.7,0.615,129.7
4760,12,1.604970,2.106481e-04,0.5703,149240.6,0.615,130.2
4780,12,1.600952,2.099676e-04,0.6328,98064.2,0.615,130.6
4800,12,1.608044,2.092856e-04,0.5234,123503.3,0.615,131.1
4820,12,1.583336,2.086021e-04,0.4883,133211.3,0.615,131.6
4840,12,1.618326,2.079171e-04,0.4766,103098.6,0.615,132.1
4860,12,1.611283,2.072308e-04,0.6016,128033.4,0.615,132.5
4880,12,1.627730,2.065430e-04,0.5430,135404.0,0.615,132.9
4900,12,1.598811,2.058539e-04,0.4922,121411.5,0.615,133.3
4920,12,1.617394,2.051634e-04,0.5547,133664.9,0.615,133.7
4940,12,1.597788,2.044715e-04,0.6445,105889.7,0.615,134.1
4960,12,1.631821,2.037783e-04,0.7266,83169.7,0.615,134.5
4980,12,1.610164,2.030838e-04,0.5977,148983.6,0.615,135.0
5000,12,1.598769,2.023880e-04,0.5859,130351.3,0.615,135.4
5020,12,1.602564,2.016909e-04,0.5781,116570.8,0.615,135.9
5040,12,1.639939,2.009925e-04,0.5547,100934.3,0.615,136.4
5060,12,1.607378,2.002928e-04,0.5664,89373.3,0.615,136.8
5080,12,1.617147,1.995920e-04,0.4609,79625.9,0.615,137.3
5100,12,1.605170,1.988899e-04,0.5352,102455.5,0.615,137.8
5120,13,1.608462,1.981866e-04,0.7109,107708.3,0.615,140.2
5140,13,1.591452,1.974821e-04,0.4512,114805.5,0.615,140.6
5160,13,1.613521,1.967765e-04,0.5430,101753.1,0.615,141.1
5180,13,1.621502,1.960697e-04,0.7227,128571.8,0.615,141.6
5200,13,1.619220,1.953618e-04,0.5664,111692.3,0.615,142.1
5220,13,1.594995,1.946528e-04,0.5000,103059.1,0.615,142.6
5240,13,1.597211,1.939426e-04,0.5547,104035.2,0.615,143.1
5260,13,1.633880,1.932314e-04,0.7188,63789.6,0.615,143.6
5280,13,1.622358,1.925191e-04,0.4551,76037.8,0.615,144.0
5300,13,1.634623,1.918058e-04,0.6016,93251.5,0.615,144.4
5320,13,1.610859,1.910915e-04,0.6172,86800.1,0.615,144.8
5340,13,1.634642,1.903762e-04,0.8477,109290.9,0.615,145.2
5360,13,1.612981,1.896598e-04,0.4590,100384.2,0.615,145.6
5380,13,1.618626,1.889425e-04,0.5938,65923.1,0.615,146.0
5400,13,1.622513,1.882242e-04,0.9844,142323.1,0.615,146.5
5420,13,1.605359,1.875050e-04,0.4844,92647.0,0.615,147.0
5440,13,1.618014,1.867849e-04,0.6250,132914.4,0.615,147.5
5460,13,1.619184,1.860639e-04,0.4922,71908.6,0.615,147.9
5480,13,1.633987,1.853420e-04,0.5781,117812.1,0.615,148.4
5500,13,1.617093,1.846192e-04,0.5508,99137.3,0.615,148.8
5520,13,1.613565,1.838955e-04,0.5547,79693.2,0.615,149.3
5540,14,1.618064,1.831711e-04,0.4785,103016.7,0.615,151.6
5560,14,1.619153,1.824458e-04,0.7109,73732.8,0.615,152.1
5580,14,1.610050,1.817197e-04,0.7383,111750.0,0.615,152.6
5600,14,1.606663,1.809929e-04,0.6094,146495.3,0.615,153.0
5620,14,1.615389,1.802652e-04,0.7812,61576.0,0.615,153.4
5640,14,1.601554,1.795369e-04,0.5195,127028.0,0.615,153.9
5660,14,1.598609,1.788078e-04,0.7148,136240.2,0.615,154.4
5680,14,1.603450,1.780780e-04,0.5703,150063.4,0.615,154.8
5700,14,1.594564,1.773475e-04,0.6172,127291.1,0.615,155.3
5720,14,1.606188,1.766164e-04,0.5469,103549.2,0.615,155.7
5740,14,1.604941,1.758845e-04,0.5312,109353.0,0.615,156.1
5760,14,1.600994,1.751521e-04,0.5000,99505.1,0.615,156.5
5780,14,1.600380,1.744190e-04,0.4746,119168.1,0.615,156.9
5800,14,1.600281,1.736854e-04,0.5586,86640.0,0.615,157.3
5820,14,1.631620,1.729511e-04,0.5508,117133.6,0.615,157.7
5840,14,1.606435,1.722163e-04,0.6016,99217.2,0.615,158.2
5860,14,1.636720,1.714810e-04,0.5859,120241.6,0.615,158.7
5880,14,1.613853,1.707451e-04,0.6055,100212.2,0.615,159.2
5900,14,1.631520,1.700087e-04,0.6406,56562.7,0.615,159.6
5920,14,1.606375,1.692718e-04,0.5977,92685.4,0.615,160.1
5940,14,1.604202,1.685345e-04,0.6406,135523.5,0.615,160.6
5960,14,1.591976,1.677967e-04,0.5977,188054.1,0.615,161.1
5980,15,1.596202,1.670584e-04,0.5625,138535.8,0.615,163.4
6000,15,1.600692,1.663198e-04,0.4805,123509.8,0.615,163.9
6020,15,1.609309,1.655807e-04,0.5195,115890.0,0.615,164.4
6040,15,1.613242,1.648413e-04,0.4844,68093.1,0.615,164.8
6060,15,1.581672,1.641014e-04,0.6289,118089.0,0.615,165.3
6080,15,1.607655,1.633613e-04,0.5781,87720.7,0.615,165.8
6100,15,1.621293,1.626208e-04,0.4473,87874.4,0.615,166.3
6120,15,1.612889,1.618800e-04,0.6602,91399.3,0.615,166.7
6140,15,1.604053,1.611389e-04,0.6172,112088.7,0.615,167.2
6160,15,1.614496,1.603976e-04,0.4922,135887.9,0.615,167.6
6180,15,1.597994,1.596559e-04,0.5508,105541.6,0.615,168.0
6200,15,1.629325,1.589141e-04,0.6445,117037.2,0.615,168.4
6220,15,1.599200,1.581720e-04,0.6133,132011.6,0.617,168.8
6240,15,1.607536,1.574297e-04,0.4961,100355.2,0.617,169.2
6260,15,1.626914,1.566873e-04,0.4824,72745.1,0.617,169.7
6280,15,1.604788,1.559447e-04,0.6523,130929.8,0.617,170.1
6300,15,1.646182,1.552019e-04,0.8359,89647.7,0.617,170.6
6320,15,1.617217,1.544590e-04,0.7305,77840.2,0.617,171.1
6340,15,1.613307,1.537160e-04,0.4297,109437.0,0.617,171.6
6360,15,1.619545,1.529729e-04,0.7617,113126.4,0.617,172.0
6380,15,1.598588,1.522298e-04,0.4609,87269.1,0.617,172.4
6400,16,1.622048,1.514865e-04,0.4785,88560.3,0.617,174.8
6420,16,1.610238,1.507433e-04,0.5977,105622.0,0.617,175.2
6440,16,1.600614,1.500000e-04,0.5898,94833.3,0.617,175.7
6460,16,1.607853,1.492567e-04,0.6133,117477.8,0.617,176.2
6480,16,1.594455,1.485135e-04,0.5156,71782.5,0.617,176.7
6500,16,1.623416,1.477702e-04,0.5078,70818.4,0.617,177.2
6520,16,1.599877,1.470271e-04,0.6562,144179.5,0.617,177.6
6540,16,1.596507,1.462840e-04,0.5000,102288.2,0.617,178.1
6560,16,1.615499,1.455410e-04,0.5039,108822.8,0.617,178.6
6580,16,1.603597,1.447981e-04,0.5547,93463.9,0.617,179.1
6600,16,1.594133,1.440553e-04,0.5273,101755.2,0.617,179.5
6620,16,1.603555,1.433127e-04,0.4180,110685.2,0.617,179.9
6640,16,1.625806,1.425703e-04,0.4941,95966.3,0.617,180.2
6660,16,1.613765,1.418280e-04,0.5820,125967.4,0.617,180.6
6680,16,1.645600,1.410859e-04,0.7148,95566.6,0.617,181.0
6700,16,1.583115,1.403441e-04,0.5898,175170.7,0.617,181.5
6720,16,1.592809,1.396024e-04,0.5664,105051.8,0.617,181.9
6740,16,1.620144,1.388611e-04,0.5781,82018.0,0.617,182.4
6760,16,1.636716,1.381200e-04,0.4922,100606.7,0.617,182.9
6780,16,1.606257,1.373792e-04,0.4258,115248.9,0.617,183.3
6800,16,1.609271,1.366387e-04,0.5547,92272.4,0.617,183.8
6820,17,1.602197,1.358986e-04,0.6562,100301.9,0.617,186.2
6840,17,1.588996,1.351587e-04,0.6250,111178.6,0.617,186.7
6860,17,1.602885,1.344193e-04,0.8633,106227.0,0.617,187.1
6880,17,1.595916,1.336802e-04,0.6016,137672.8,0.617,187.6
6900,17,1.594704,1.329416e-04,0.5117,77210.2,0.617,188.1
6920,17,1.599793,1.322033e-04,0.4629,109225.0,0.617,188.5
6940,17,1.605143,1.314655e-04,0.7227,132668.0,0.617,189.0
6960,17,1.618102,1.307282e-04,0.5234,80169.1,0.617,189.4
6980,17,1.602881,1.299913e-04,0.4688,79408.6,0.617,189.9
7000,17,1.614219,1.292549e-04,0.5156,98262.7,0.617,190.3
7020,17,1.599819,1.285190e-04,0.6133,117954.0,0.617,190.8
7040,17,1.602295,1.277837e-04,0.5195,142127.6,0.617,191.2
7060,17,1.586084,1.270489e-04,0.4961,150628.1,0.617,191.6
7080,17,1.598360,1.263146e-04,0.5312,97916.0,0.617,192.0
7100,17,1.608984,1.255810e-04,0.4297,121277.3,0.617,192.4
7120,17,1.633852,1.248479e-04,0.6055,84997.7,0.617,192.8
7140,17,1.605384,1.241155e-04,0.5859,89645.9,0.617,193.3
7160,17,1.620659,1.233836e-04,0.5703,57145.9,0.617,193.7
7180,17,1.588569,1.226525e-04,0.4492,77193.5,0.617,194.2
7200,17,1.625580,1.219220e-04,0.4961,71935.8,0.617,194.6
7220,17,1.614165,1.211922e-04,0.8398,78959.2,0.617,195.1
7240,17,1.613393,1.204631e-04,0.5156,95130.6,0.617,195.6
7260,18,1.619566,1.197348e-04,0.5312,98080.4,0.617,198.0
7280,18,1.625016,1.190071e-04,0.4512,81522.3,0.617,198.4
7300,18,1.636293,1.182803e-04,0.6445,82016.6,0.617,198.9
7320,18,1.586607,1.175542e-04,0.5859,101780.7,0.617,199.4
7340,18,1.594887,1.168289e-04,0.4180,158897.1,0.617,199.9
7360,18,1.592659,1.161045e-04,0.4883,105509.2,0.617,200.4
7380,18,1.605487,1.153808e-04,0.5352,118454.0,0.617,200.8
7400,18,1.584964,1.146580e-04,0.5508,135727.5,0.617,201.3
7420,18,1.593130,1.139361e-04,0.5117,140556.2,0.617,201.8
7440,18,1.598865,1.132151e-04,0.5039,123891.4,0.617,202.2
7460,18,1.598932,1.124950e-04,0.6016,130416.4,0.617,202.7
7480,18,1.614521,1.117758e-04,0.4961,105192.3,0.617,203.1
7500,18,1.608900,1.110575e-04,0.5117,120236.9,0.617,203.5
7520,18,1.609794,1.103402e-04,0.4922,120364.1,0.617,203.9
7540,18,1.620532,1.096238e-04,0.5039,67105.3,0.617,204.3
7560,18,1.614427,1.089085e-04,0.5312,92429.7,0.617,204.7
7580,18,1.610631,1.081942e-04,0.5898,90238.6,0.617,205.2
7600,18,1.600623,1.074809e-04,0.4336,125652.2,0.617,205.6
7620,18,1.620651,1.067686e-04,0.4727,90894.0,0.617,206.1
7640,18,1.602439,1.060574e-04,0.5352,137028.1,0.617,206.5
7660,18,1.597448,1.053472e-04,0.5898,127204.6,0.617,207.0
7680,19,1.601524,1.046382e-04,0.5039,120986.9,0.617,209.4
7700,19,1.637397,1.039303e-04,0.5664,94198.4,0.617,209.8
7720,19,1.605681,1.032235e-04,0.4238,106260.6,0.617,210.3
7740,19,1.595738,1.025179e-04,0.6016,108178.1,0.617,210.8
7760,19,1.634225,1.018134e-04,0.6758,105477.1,0.617,211.3
7780,19,1.598124,1.011101e-04,0.5547,96100.6,0.617,211.8
7800,19,1.625409,1.004080e-04,0.5938,91031.5,0.617,212.2
7820,19,1.601008,9.970716e-05,0.5820,113995.9,0.617,212.7
7840,19,1.614026,9.900753e-05,0.4551,71788.9,0.617,213.2
7860,19,1.609850,9.830914e-05,0.5703,107587.2,0.617,213.7
7880,19,1.602677,9.761203e-05,0.4805,92393.9,0.617,214.1
7900,19,1.627432,9.691620e-05,0.5664,105210.3,0.617,214.5
7920,19,1.591680,9.622168e-05,0.4844,121226.3,0.617,214.9
7940,19,1.609170,9.552847e-05,0.5117,115701.9,0.617,215.3
7960,19,1.625230,9.483661e-05,0.6406,98128.2,0.617,215.7
7980,19,1.632058,9.414610e-05,0.4648,59355.9,0.617,216.1
8000,19,1.606379,9.345696e-05,0.5703,158611.1,0.617,216.6
8020,19,1.611285,9.276920e-05,0.5977,101710.4,0.617,217.1
8040,19,1.605105,9.208286e-05,0.5781,99124.3,0.617,217.6
8060,19,1.590960,9.139793e-05,0.8125,109622.7,0.617,218.1
8080,19,1.582744,9.071445e-05,0.3750,159525.4,0.617,218.5
8100,20,1.588572,9.003242e-05,0.6211,114805.7,0.617,221.0
8120,20,1.609283,8.935186e-05,0.8047,138593.4,0.617,221.5
8140,20,1.583958,8.867279e-05,0.4414,121383.2,0.617,221.9
8160,20,1.599856,8.799523e-05,0.4707,128259.0,0.617,222.4
8180,20,1.634436,8.731919e-05,0.5820,79549.0,0.617,222.9
8200,20,1.597722,8.664469e-05,0.4395,100054.1,0.617,223.3
8220,20,1.624962,8.597174e-05,0.5312,71471.5,0.617,223.8
8240,20,1.593950,8.530037e-05,0.5820,122222.7,0.617,224.3
8260,20,1.618379,8.463058e-05,0.6094,101959.0,0.617,224.8
8280,20,1.599937,8.396240e-05,0.5039,114647.2,0.617,225.3
8300,20,1.614603,8.329585e-05,0.4512,88253.4,0.617,225.8
8320,20,1.606319,8.263093e-05,0.5273,88407.8,0.617,226.3
8340,20,1.613068,8.196766e-05,0.7578,79104.6,0.617,226.8
8360,20,1.620515,8.130606e-05,0.5156,87239.6,0.617,227.2
8380,20,1.597367,8.064616e-05,0.6133,81458.3,0.617,227.7
8400,20,1.599292,7.998795e-05,0.5703,87617.0,0.617,228.2
8420,20,1.607734,7.933146e-05,0.5234,117075.2,0.617,228.7
8440,20,1.612857,7.867671e-05,0.5312,123922.2,0.617,229.2
8460,20,1.590058,7.802371e-05,0.5039,124885.8,0.617,229.6
8480,20,1.605963,7.737248e-05,0.4102,119014.0,0.617,230.1
8500,20,1.585716,7.672303e-05,0.5000,149605.5,0.617,230.6
8520,20,1.591635,7.607538e-05,0.6406,41268.8,0.617,231.0
8540,21,1.596009,7.542954e-05,0.5547,105136.3,0.617,233.4
8560,21,1.625470,7.478554e-05,0.7031,92882.8,0.617,233.9
8580,21,1.626067,7.414338e-05,0.8008,67210.5,0.617,234.4
8600,21,1.600889,7.350308e-05,0.4766,110060.2,0.617,234.9
8620,21,1.613451,7.286467e-05,0.5156,134251.3,0.617,235.3
8640,21,1.632835,7.222814e-05,0.6133,77234.2,0.617,235.8
8660,21,1.576014,7.159353e-05,0.4609,138054.2,0.617,236.3
8680,21,1.593328,7.096084e-05,0.4414,115777.9,0.617,236.8
8700,21,1.605482,7.033009e-05,0.6211,104674.9,0.617,237.2
8720,21,1.626340,6.970130e-05,0.5273,97524.0,0.617,237.7
8740,21,1.599248,6.907448e-05,0.6719,172374.9,0.617,238.1
8760,21,1.596951,6.844965e-05,0.5234,118636.2,0.617,238.5
8780,21,1.595120,6.782682e-05,0.5664,155517.3,0.617,238.8
8800,21,1.622330,6.720601e-05,0.4004,96343.3,0.617,239.2
8820,21,1.626401,6.658723e-05,0.5430,84408.7,0.617,239.7
8840,21,1.607698,6.597050e-05,0.6172,100534.3,0.617,240.2
8860,21,1.627074,6.535583e-05,1.3516,64105.2,0.617,240.6
8880,21,1.607907,6.474324e-05,0.4902,107253.6,0.617,241.1
8900,21,1.585075,6.413274e-05,0.5703,132554.9,0.617,241.6
8920,21,1.610992,6.352436e-05,0.5352,105359.0,0.617,242.1
8940,21,1.603140,6.291809e-05,0.5742,88163.7,0.617,242.5
8960,22,1.584274,6.231396e-05,0.6016,144382.2,0.617,244.9
8980,22,1.605990,6.171199e-05,0.4258,94517.7,0.617,245.4
9000,22,1.605149,6.111218e-05,0.4023,99989.4,0.617,245.9
9020,22,1.589284,6.051456e-05,0.4980,98896.8,0.617,246.3
9040,22,1.613925,5.991914e-05,0.5000,95283.3,0.617,246.8
9060,22,1.590145,5.932592e-05,0.5977,128657.7,0.617,247.2
9080,22,1.633591,5.873493e-05,0.5234,79782.1,0.617,247.7
9100,22,1.593671,5.814619e-05,0.5117,139310.8,0.617,248.1
9120,22,1.588410,5.755970e-05,0.6016,105436.6,0.617,248.6
9140,22,1.608373,5.697547e-05,0.5156,142456.0,0.617,249.1
9160,22,1.627516,5.639354e-05,0.5859,81272.0,0.617,249.5
9180,22,1.617267,5.581390e-05,0.4570,109669.9,0.617,249.8
9200,22,1.612142,5.523657e-05,0.4805,90818.4,0.617,250.2
9220,22,1.589759,5.466157e-05,0.5078,147226.7,0.617,250.6
9240,22,1.578711,5.408891e-05,0.4160,132991.9,0.618,251.0
9260,22,1.599699,5.351861e-05,0.5234,100282.0,0.618,251.5
9280,22,1.617419,5.295067e-05,0.5742,89619.0,0.618,252.0
9300,22,1.609693,5.238512e-05,0.5742,121815.2,0.618,252.4
9320,22,1.598535,5.182197e-05,0.5859,113042.8,0.618,252.9
9340,22,1.618117,5.126122e-05,0.5312,113922.9,0.618,253.4
9360,22,1.605244,5.070290e-05,0.7305,152643.7,0.618,253.8
9380,23,1.609035,5.014702e-05,0.4863,94538.1,0.618,256.2
9400,23,1.607481,4.959359e-05,0.6758,96024.2,0.618,256.7
9420,23,1.609885,4.904263e-05,0.5039,110456.9,0.618,257.1
9440,23,1.624788,4.849414e-05,0.5586,89989.5,0.618,257.6
9460,23,1.615439,4.794815e-05,0.5391,75886.1,0.618,258.1
9480,23,1.612906,4.740466e-05,0.5000,80319.6,0.618,258.6
9500,23,1.639698,4.686369e-05,0.6836,96444.4,0.618,259.1
9520,23,1.623772,4.632525e-05,0.4727,70255.6,0.618,259.6
9540,23,1.641395,4.578936e-05,0.5469,74006.7,0.618,260.0
9560,23,1.610059,4.525603e-05,0.8047,111539.0,0.618,260.5
9580,23,1.594675,4.472527e-05,0.5547,110491.9,0.618,260.9
9600,23,1.599396,4.419710e-05,0.5273,123552.9,0.618,261.3
9620,23,1.611893,4.367152e-05,0.4922,113772.1,0.618,261.7
9640,23,1.597103,4.314855e-05,0.8086,149196.5,0.618,262.1
9660,23,1.609532,4.262821e-05,0.4980,78700.0,0.618,262.5
9680,23,1.628828,4.211050e-05,0.7344,96042.9,0.618,263.0
9700,23,1.627901,4.159545e-05,0.6992,112019.0,0.618,263.5
9720,23,1.626827,4.108305e-05,0.4531,72708.9,0.618,263.9
9740,23,1.597592,4.057333e-05,0.4570,83474.5,0.618,264.4
9760,23,1.599296,4.006630e-05,0.4297,98609.7,0.618,264.8
9780,23,1.590274,3.956196e-05,0.4707,137367.4,0.618,265.3
9800,24,1.597883,3.906034e-05,0.5234,102184.8,0.618,267.7
9820,24,1.604643,3.856144e-05,0.4922,80361.8,0.618,268.1
9840,24,1.618386,3.806528e-05,0.5664,105047.5,0.618,268.6
9860,24,1.616893,3.757186e-05,0.5430,85342.6,0.618,269.0
9880,24,1.611227,3.708121e-05,0.4902,70637.2,0.618,269.5
9900,24,1.637782,3.659333e-05,0.7773,61663.9,0.618,270.0
9920,24,1.600794,3.610823e-05,0.4238,132891.3,0.618,270.5
9940,24,1.601663,3.562593e-05,0.4258,93208.7,0.618,270.9
9960,24,1.624109,3.514644e-05,0.5273,80420.2,0.618,271.4
9980,24,1.623593,3.466976e-05,0.4531,95521.4,0.618,271.9
10000,24,1.602637,3.419592e-05,0.4082,96083.6,0.618,272.3
10020,24,1.599553,3.372493e-05,0.5156,143598.2,0.618,272.7
10040,24,1.605531,3.325679e-05,0.5273,108667.0,0.618,273.1
10060,24,1.596442,3.279151e-05,0.5469,88986.9,0.618,273.6
10080,24,1.597923,3.232911e-05,0.5156,103793.9,0.618,273.9
10100,24,1.612033,3.186961e-05,0.4219,105219.2,0.618,274.3
10120,24,1.591349,3.141300e-05,0.5938,110678.2,0.618,274.8
10140,24,1.611900,3.095930e-05,0.8086,115719.1,0.618,275.3
10160,24,1.618749,3.050853e-05,0.5469,113005.1,0.618,275.8
10180,24,1.613932,3.006069e-05,0.6211,93143.3,0.618,276.2
10200,24,1.597626,2.961580e-05,0.4258,128990.9,0.618,276.7
10220,24,1.595278,2.917386e-05,0.5586,121389.8,0.618,277.1
10240,25,1.596946,2.873489e-05,0.5898,88258.1,0.618,279.5
10260,25,1.620024,2.829889e-05,0.5117,81615.5,0.618,280.0
10280,25,1.578797,2.786589e-05,0.5195,109490.8,0.618,280.5
10300,25,1.624689,2.743588e-05,0.6172,56411.5,0.618,280.9
10320,25,1.611628,2.700889e-05,0.4609,73296.5,0.618,281.4
10340,25,1.598858,2.658491e-05,0.5547,104835.5,0.618,281.9
10360,25,1.627997,2.616396e-05,0.4746,90626.8,0.618,282.4
10380,25,1.622204,2.574606e-05,0.5000,77698.2,0.618,282.8
10400,25,1.609410,2.533120e-05,0.5742,104033.2,0.618,283.3
10420,25,1.592620,2.491941e-05,0.6055,101375.2,0.618,283.8
10440,25,1.599841,2.451068e-05,0.5117,93713.3,0.618,284.2
10460,25,1.605385,2.410504e-05,0.6602,148294.2,0.618,284.6
10480,25,1.603617,2.370249e-05,0.5859,106253.5,0.618,285.0
10500,25,1.615717,2.330304e-05,0.4512,93675.7,0.618,285.4
10520,25,1.603550,2.290670e-05,0.6406,127279.2,0.618,285.8
10540,25,1.622293,2.251348e-05,0.5391,75186.1,0.618,286.3
10560,25,1.583557,2.212340e-05,0.5039,133583.0,0.618,286.7
10580,25,1.610374,2.173645e-05,0.5039,120327.5,0.618,287.2
10600,25,1.577807,2.135265e-05,0.4922,108800.5,0.618,287.7
10620,25,1.619546,2.097201e-05,0.5430,82295.0,0.618,288.2
10640,25,1.604498,2.059454e-05,0.6719,105504.4,0.618,288.6
10660,26,1.608205,2.022025e-05,0.6875,56283.3,0.618,291.0
10680,26,1.622214,1.984914e-05,0.5938,75543.3,0.618,291.5
10700,26,1.607608,1.948123e-05,0.4355,71535.5,0.618,292.0
10720,26,1.603842,1.911652e-05,0.5352,127441.1,0.618,292.4
10740,26,1.595894,1.875503e-05,0.4980,122892.1,0.618,292.9
10760,26,1.638969,1.839676e-05,0.5820,80093.6,0.618,293.3
10780,26,1.620839,1.804172e-05,0.4902,127605.5,0.618,293.7
10800,26,1.607338,1.768992e-05,0.5078,117449.8,0.618,294.2
10820,26,1.597271,1.734137e-05,0.5664,131041.3,0.618,294.7
10840,26,1.594798,1.699607e-05,0.6016,120066.6,0.618,295.2
10860,26,1.596346,1.665405e-05,0.4004,116359.2,0.618,295.7
10880,26,1.597267,1.631529e-05,0.4473,100307.5,0.618,296.1
10900,26,1.605316,1.597982e-05,0.4961,119005.1,0.618,296.5
10920,26,1.601274,1.564764e-05,0.4727,101595.0,0.618,296.9
10940,26,1.605202,1.531876e-05,0.6406,68005.2,0.618,297.3
10960,26,1.625010,1.499319e-05,0.4219,88874.8,0.618,297.7
10980,26,1.598563,1.467093e-05,0.4258,131465.0,0.618,298.2
11000,26,1.595281,1.435199e-05,0.5391,113432.9,0.618,298.7
11020,26,1.634520,1.403639e-05,0.9062,96046.1,0.618,299.2
11040,26,1.589879,1.372412e-05,0.4609,91877.3,0.618,299.6
11060,26,1.597607,1.341520e-05,0.5469,72624.2,0.618,300.1
11080,27,1.598981,1.310963e-05,0.5781,101927.4,0.618,302.4
11100,27,1.607086,1.280742e-05,0.4023,99921.1,0.618,302.9
11120,27,1.622349,1.250859e-05,0.4570,64819.4,0.618,303.4
11140,27,1.597518,1.221312e-05,0.6016,141324.1,0.618,303.8
11160,27,1.611163,1.192105e-05,0.5234,95155.0,0.618,304.3
11180,27,1.607097,1.163236e-05,0.6523,81076.6,0.618,304.8
11200,27,1.622345,1.134707e-05,0.5430,79513.8,0.618,305.2
11220,27,1.598220,1.106518e-05,0.4980,128503.9,0.618,305.6
11240,27,1.614786,1.078671e-05,0.4902,81317.7,0.618,306.1
11260,27,1.607876,1.051165e-05,0.4277,143317.1,0.618,306.6
11280,27,1.625400,1.024002e-05,0.5312,75724.7,0.618,307.1
11300,27,1.613066,9.971817e-06,0.5195,97494.6,0.618,307.6
11320,27,1.611597,9.707055e-06,0.7773,96690.9,0.618,308.0
11340,27,1.587553,9.445738e-06,0.6055,129014.1,0.618,308.4
11360,27,1.600073,9.187872e-06,0.6094,126154.6,0.618,308.8
11380,27,1.577018,8.933464e-06,0.5039,152273.2,0.618,309.1
11400,27,1.594961,8.682519e-06,0.5039,111903.8,0.618,309.6
11420,27,1.586591,8.435044e-06,0.4629,156220.2,0.618,310.0
11440,27,1.595555,8.191045e-06,0.5078,112754.0,0.618,310.5
11460,27,1.629573,7.950529e-06,0.5859,69245.7,0.618,310.9
11480,27,1.626951,7.713500e-06,0.4902,70055.0,0.618,311.4
11500,27,1.602231,7.479964e-06,0.6328,101396.8,0.618,311.9
11520,28,1.610982,7.249929e-06,0.4688,108444.1,0.618,314.4
11540,28,1.612453,7.023398e-06,0.5078,67713.2,0.618,314.9
11560,28,1.604655,6.800378e-06,0.5391,129933.9,0.618,315.3
11580,28,1.581933,6.580873e-06,0.4023,153716.8,0.618,315.8
11600,28,1.574616,6.364891e-06,0.4570,109201.2,0.618,316.3
11620,28,1.616759,6.152435e-06,0.6133,88534.1,0.618,316.7
11640,28,1.604105,5.943511e-06,0.5977,127369.1,0.618,317.2
11660,28,1.587566,5.738125e-06,0.5078,79407.1,0.618,317.7
11680,28,1.614207,5.536280e-06,0.5469,76818.1,0.618,318.1
11700,28,1.586113,5.337983e-06,0.4434,118566.9,0.618,318.6
11720,28,1.608068,5.143238e-06,0.6992,106762.9,0.618,319.1
11740,28,1.601070,4.952049e-06,0.5352,101610.7,0.618,319.5
11760,28,1.585048,4.764423e-06,0.4141,166886.0,0.618,319.9
11780,28,1.599977,4.580362e-06,0.5195,129783.7,0.618,320.3
11800,28,1.604300,4.399871e-06,0.5039,104143.2,0.618,320.7
11820,28,1.619491,4.222956e-06,0.5156,69973.4,0.618,321.1
11840,28,1.607490,4.049620e-06,0.5742,97635.1,0.618,321.5
11860,28,1.606573,3.879868e-06,0.4922,89825.8,0.618,322.0
11880,28,1.598139,3.713704e-06,0.7578,95955.1,0.618,322.5
11900,28,1.614171,3.551132e-06,0.9531,122057.7,0.618,323.0
11920,28,1.612590,3.392155e-06,0.4980,87058.0,0.618,323.5
11940,29,1.597520,3.236778e-06,0.5195,99068.6,0.618,325.9
11960,29,1.624724,3.085005e-06,0.4453,98596.4,0.618,326.3
11980,29,1.596445,2.936839e-06,0.5391,108404.7,0.618,326.8
12000,29,1.606612,2.792285e-06,0.4238,121554.2,0.618,327.3
12020,29,1.597426,2.651344e-06,0.4277,115448.2,0.618,327.8
12040,29,1.597184,2.514022e-06,0.5664,102627.8,0.618,328.2
12060,29,1.578635,2.380321e-06,0.4902,117894.9,0.618,328.7
12080,29,1.595275,2.250245e-06,0.4688,130425.8,0.618,329.2
12100,29,1.599033,2.123796e-06,0.4902,120611.5,0.618,329.7
12120,29,1.612198,2.000979e-06,0.5078,69084.5,0.618,330.1
12140,29,1.592678,1.881795e-06,0.5703,104178.8,0.618,330.6
12160,29,1.597797,1.766248e-06,0.5000,73304.2,0.618,331.1
12180,29,1.584445,1.654341e-06,0.4863,102952.8,0.618,331.5
12200,29,1.624625,1.546077e-06,0.6836,117218.9,0.618,331.9
12220,29,1.610930,1.441457e-06,0.5977,115041.7,0.618,332.3
12240,29,1.593536,1.340485e-06,0.6797,106307.4,0.618,332.7
12260,29,1.609530,1.243164e-06,0.4961,123132.2,0.618,333.1
12280,29,1.613566,1.149495e-06,0.5703,96332.2,0.618,333.5
12300,29,1.616026,1.059481e-06,0.4941,105094.2,0.618,333.9
12320,29,1.606142,9.731236e-07,0.5508,111418.7,0.618,334.3
12340,29,1.599599,8.904258e-07,0.7148,148905.0,0.618,334.7
12360,30,1.602178,8.113891e-07,0.5391,129673.3,0.618,336.4
12380,30,1.589491,7.360156e-07,0.5664,125604.8,0.618,336.7
12400,30,1.647278,6.643071e-07,0.6094,74654.6,0.618,337.1
12420,30,1.605605,5.962653e-07,0.5508,92702.3,0.618,337.5
12440,30,1.643866,5.318921e-07,0.5273,89142.1,0.618,337.8
12460,30,1.604445,4.711888e-07,0.6055,125368.9,0.618,338.2
12480,30,1.617817,4.141571e-07,0.4805,129440.4,0.618,338.5
12500,30,1.603743,3.607982e-07,0.5391,129551.1,0.618,338.9
12520,30,1.599983,3.111136e-07,0.4395,109955.9,0.618,339.2
12540,30,1.588674,2.651044e-07,0.5977,134866.2,0.618,339.6
12560,30,1.594890,2.227719e-07,0.5859,110222.7,0.618,339.9
12580,30,1.590078,1.841169e-07,0.4863,110892.0,0.618,340.3
12600,30,1.592222,1.491405e-07,0.4727,107290.6,0.618,340.6
12620,30,1.604349,1.178435e-07,0.5469,103152.3,0.618,341.0
12640,30,1.621287,9.022669e-08,0.5625,123653.3,0.618,341.3
12660,30,1.634990,6.629076e-08,0.5430,83428.4,0.618,341.7
12680,30,1.577082,4.603629e-08,0.5664,147684.8,0.618,342.0
12700,30,1.624976,2.946377e-08,0.4922,112974.7,0.618,342.4
12720,30,1.605446,1.657361e-08,0.5000,118202.7,0.618,342.7
12740,30,1.615986,7.366122e-09,0.5625,139640.0,0.618,343.1
12760,30,1.607041,1.841542e-09,0.4336,122408.0,0.618,343.4
12780,30,1.625749,0.000000e+00,0.9727,26027.5,0.618,343.8
